<?xml version="1.0" encoding="UTF-8"?>
<files>
  <file name="001 1919 February Popular Science.jpg" source="original">
    <mtime>1483198206</mtime>
    <size>190544</size>
    <md5>1e9b735fc1f1c1288982f0825c254e4f</md5>
    <crc32>c20332ce</crc32>
    <sha1>ac30f5369f51de82155e6b4b996cff88fcfed077</sha1>
    <format>JPEG</format>
    <rotation>0</rotation>
  </file>
  <file name="001 1919 February Popular Science_thumb.jpg" source="derivative">
    <format>JPEG Thumb</format>
    <original>001 1919 February Popular Science.jpg</original>
    <mtime>1483198708</mtime>
    <size>7438</size>
    <md5>31adae75030fc78ff19497deaf9d3447</md5>
    <crc32>d7432cbf</crc32>
    <sha1>7c5115490e73da287ecdd4fc96be4fc985229055</sha1>
  </file>
  <file name="0011919FebruaryPopularScience_archive.torrent" source="metadata">
    <btih>ef7dcfde005e1e53a8268ef7e7ee801c9eff2595</btih>
    <mtime>1589324501</mtime>
    <size>26339</size>
    <md5>a33bd7700edf58a7f0cf69bd989e2e9e</md5>
    <crc32>5084cb4a</crc32>
    <sha1>9528c587aa8468490e6d8dc6b7694703820a4f0d</sha1>
    <format>Archive BitTorrent</format>
  </file>
  <file name="0011919FebruaryPopularScience_files.xml" source="original">
    <format>Metadata</format>
    <md5>8268e6967ef6cc9924bb9a3dc7e9fa1b</md5>
  </file>
  <file name="0011919FebruaryPopularScience_meta.sqlite" source="original">
    <mtime>1483198680</mtime>
    <size>187392</size>
    <format>Metadata</format>
    <md5>788cf645ce193257fa6f6a9ccac4d7f5</md5>
    <crc32>786cd8d4</crc32>
    <sha1>fc0634442e4fa7a1c87c7afab8714f89a4654788</sha1>
  </file>
  <file name="0011919FebruaryPopularScience_meta.xml" source="original">
    <mtime>1589324500</mtime>
    <size>1641</size>
    <format>Metadata</format>
    <md5>f0ba91c140cbdb4814e10e1edd62992d</md5>
    <crc32>4c06813c</crc32>
    <sha1>31e85a50d184e58f36a01b8a78e04f4b214e78fc</sha1>
  </file>
  <file name="1912 May Scientific American.jpg" source="original">
    <mtime>1483198218</mtime>
    <size>159379</size>
    <md5>e82ee9da78a6c466af6eb2a450c6475e</md5>
    <crc32>7608411e</crc32>
    <sha1>78bd17a505212a29e9d747d0bc7f6be285d76ab8</sha1>
    <format>JPEG</format>
    <rotation>0</rotation>
  </file>
  <file name="1912 May Scientific American_thumb.jpg" source="derivative">
    <format>JPEG Thumb</format>
    <original>1912 May Scientific American.jpg</original>
    <mtime>1483198767</mtime>
    <size>5472</size>
    <md5>941bb108a6bf685b33c0fa151d92d23a</md5>
    <crc32>c5934d66</crc32>
    <sha1>33d291814f2279022ade679baa28c95e35a54852</sha1>
  </file>
  <file name="1915 April Popular Mechanics.jpg" source="original">
    <mtime>1483198220</mtime>
    <size>142803</size>
    <md5>41ce4349202aa5b69dde99b020a6ba07</md5>
    <crc32>b0d19750</crc32>
    <sha1>954320bbfd712e2ab7eb4d3490e0bc28d7e0b587</sha1>
    <format>JPEG</format>
    <rotation>0</rotation>
  </file>
  <file name="1915 April Popular Mechanics_thumb.jpg" source="derivative">
    <format>JPEG Thumb</format>
    <original>1915 April Popular Mechanics.jpg</original>
    <mtime>1483198711</mtime>
    <size>6587</size>
    <md5>b93ac5b1208de1c07c1fafff28a13fbb</md5>
    <crc32>fe569b8f</crc32>
    <sha1>157c823ccf0479f03a13eab481bc56186412bafa</sha1>
  </file>
  <file name="1915 Aug Scientific American.jpg" source="original">
    <mtime>1483198230</mtime>
    <size>177593</size>
    <md5>a0ac263db68d142416372b9d8564d99c</md5>
    <crc32>72dc89a2</crc32>
    <sha1>822dbada92bf779c1400f3bf423372d0ba197458</sha1>
    <format>JPEG</format>
    <rotation>0</rotation>
  </file>
  <file name="1915 Aug Scientific American_thumb.jpg" source="derivative">
    <format>JPEG Thumb</format>
    <original>1915 Aug Scientific American.jpg</original>
    <mtime>1483198717</mtime>
    <size>5593</size>
    <md5>cfc67568d16a585187381a773077a8b0</md5>
    <crc32>cba8c283</crc32>
    <sha1>5edc7ce978aa0e22f57b399d9db1415c63f5dce1</sha1>
  </file>
  <file name="1915 Oct Scientific American.jpg" source="original">
    <mtime>1483198233</mtime>
    <size>171420</size>
    <md5>dbbfc4ac8df4206fd207b83866fa6cd9</md5>
    <crc32>ba58cafb</crc32>
    <sha1>6fdf8006b68718e77ecf92dcd7f6eb9627235dd3</sha1>
    <format>JPEG</format>
    <rotation>0</rotation>
  </file>
  <file name="1915 Oct Scientific American_thumb.jpg" source="derivative">
    <format>JPEG Thumb</format>
    <original>1915 Oct Scientific American.jpg</original>
    <mtime>1483198724</mtime>
    <size>5742</size>
    <md5>9539f977494139fccd8d14c3339289d0</md5>
    <crc32>2a5d3ed3</crc32>
    <sha1>78a3ce309df77d67fe5d2ce8700107131ed9d571</sha1>
  </file>
  <file name="1915 Popular Science Monthly Magazine 001.jpg" source="original">
    <mtime>1483198238</mtime>
    <size>365092</size>
    <md5>892d5683478951b754ff33fcdc8d9c0e</md5>
    <crc32>65cbdc03</crc32>
    <sha1>1f36873e557ca7e930fbabacff185bcc13d34a1a</sha1>
    <format>JPEG</format>
    <rotation>0</rotation>
  </file>
  <file name="1915 Popular Science Monthly Magazine 001_thumb.jpg" source="derivative">
    <format>JPEG Thumb</format>
    <original>1915 Popular Science Monthly Magazine 001.jpg</original>
    <mtime>1483198726</mtime>
    <size>6562</size>
    <md5>29a8ea58a0057392ed373f99e588cda5</md5>
    <crc32>5bfdfe46</crc32>
    <sha1>0241613e1a7c4fa97e27a622073d999917dd4448</sha1>
  </file>
  <file name="1916 000a.jpg" source="original">
    <mtime>1483198248</mtime>
    <size>225812</size>
    <md5>02a33da83b1725d7584f2443466d9915</md5>
    <crc32>5554a694</crc32>
    <sha1>e54a67a3528b003211e66a2451b37972c6daad9e</sha1>
    <format>JPEG</format>
    <rotation>0</rotation>
  </file>
  <file name="1916 000a_thumb.jpg" source="derivative">
    <format>JPEG Thumb</format>
    <original>1916 000a.jpg</original>
    <mtime>1483198727</mtime>
    <size>6790</size>
    <md5>861a587c1367c2f200d4f44871fe1a0e</md5>
    <crc32>3db248eb</crc32>
    <sha1>3e32d9f7d3471c8fb82cc88be892fb1b210bd505</sha1>
  </file>
  <file name="1916 Dec Popular Magazine.jpg" source="original">
    <mtime>1483198258</mtime>
    <size>149692</size>
    <md5>5f2adb30625d8b9690bd13ef001fa02d</md5>
    <crc32>96028d7a</crc32>
    <sha1>8e2ea0a6b7dc54dfaf2f5348263f6e8f2471fdb3</sha1>
    <format>JPEG</format>
    <rotation>0</rotation>
  </file>
  <file name="1916 Dec Popular Magazine_thumb.jpg" source="derivative">
    <format>JPEG Thumb</format>
    <original>1916 Dec Popular Magazine.jpg</original>
    <mtime>1483198729</mtime>
    <size>7038</size>
    <md5>b435d271b9ae53d02b248f22cb94913f</md5>
    <crc32>9cacb967</crc32>
    <sha1>a5d7c5f3cc48f6b1aeea5359928cd00c8d881100</sha1>
  </file>
  <file name="1917 Jan Scientific American.jpg" source="original">
    <mtime>1483198267</mtime>
    <size>152574</size>
    <md5>a3eb23b5b7ffe10f6ffcc63f8181332f</md5>
    <crc32>3f5f9301</crc32>
    <sha1>4def9e678787dba7787d4e666dd4517c4a91d0c5</sha1>
    <format>JPEG</format>
    <rotation>0</rotation>
  </file>
  <file name="1917 Jan Scientific American_thumb.jpg" source="derivative">
    <format>JPEG Thumb</format>
    <original>1917 Jan Scientific American.jpg</original>
    <mtime>1483198732</mtime>
    <size>5431</size>
    <md5>4d6d4029061cb6bc7fdc9526a2209e01</md5>
    <crc32>7cc45d76</crc32>
    <sha1>e275bef9478e23e8ef9f23ddd73171cb6a5ba1ef</sha1>
  </file>
  <file name="1919 January Popular Science.jpg" source="original">
    <mtime>1483198270</mtime>
    <size>181773</size>
    <md5>5ab6f44d1a2957809420c4b0bce7e64d</md5>
    <crc32>e91bb2d5</crc32>
    <sha1>9724edeccd202110bb442138ec24aee44a602234</sha1>
    <format>JPEG</format>
    <rotation>0</rotation>
  </file>
  <file name="1919 January Popular Science_thumb.jpg" source="derivative">
    <format>JPEG Thumb</format>
    <original>1919 January Popular Science.jpg</original>
    <mtime>1483198733</mtime>
    <size>7471</size>
    <md5>0f78a437b665883b651e7951dcf6bc31</md5>
    <crc32>86978c46</crc32>
    <sha1>311d9083ce87326fc8f0e562a676989d3d45316f</sha1>
  </file>
  <file name="1919 March Popular Science.jpg" source="original">
    <mtime>1483198274</mtime>
    <size>160497</size>
    <md5>20547f85491002d09ef78612cf26f119</md5>
    <crc32>4441ab92</crc32>
    <sha1>abddd792b751afcb7d541adbae3ba72beeed9578</sha1>
    <format>JPEG</format>
    <rotation>0</rotation>
  </file>
  <file name="1919 March Popular Science_thumb.jpg" source="derivative">
    <format>JPEG Thumb</format>
    <original>1919 March Popular Science.jpg</original>
    <mtime>1483198740</mtime>
    <size>6760</size>
    <md5>bc658bb01e5c5cbc335c008b64871abd</md5>
    <crc32>4beff59a</crc32>
    <sha1>018cc1f2c176a3ea3d8bdfd7d0a80ea437d9599b</sha1>
  </file>
  <file name="1931 October.jpg" source="original">
    <mtime>1483198289</mtime>
    <size>206821</size>
    <md5>6727d2fe1da822e99f84fa8462864abb</md5>
    <crc32>9e6b73c7</crc32>
    <sha1>a436ff63711fceda80ad4a460ab34b49a3b277ee</sha1>
    <format>JPEG</format>
    <rotation>0</rotation>
  </file>
  <file name="1931 October_thumb.jpg" source="derivative">
    <format>JPEG Thumb</format>
    <original>1931 October.jpg</original>
    <mtime>1483198741</mtime>
    <size>7514</size>
    <md5>ff95e909c537408cea991449100c5e1a</md5>
    <crc32>47844b90</crc32>
    <sha1>d34da76069ab4862c5fb31702f2a89d5458a0842</sha1>
  </file>
  <file name="1932 July.jpg" source="original">
    <mtime>1483198297</mtime>
    <size>202423</size>
    <md5>446701cf1effa61b0de2c5f27af33245</md5>
    <crc32>b2d2aed7</crc32>
    <sha1>d5a614c6a6aba7dbf257fbff04236a3bc68bd3a7</sha1>
    <format>JPEG</format>
    <rotation>0</rotation>
  </file>
  <file name="1932 July_thumb.jpg" source="derivative">
    <format>JPEG Thumb</format>
    <original>1932 July.jpg</original>
    <mtime>1483198748</mtime>
    <size>7188</size>
    <md5>e286f399b9c6adc972c4cb5097e5c40e</md5>
    <crc32>50bd7d0e</crc32>
    <sha1>f4603c589503e665905b29a93c17bae8a516526f</sha1>
  </file>
  <file name="1933 April Popular Science.jpg" source="original">
    <mtime>1483198310</mtime>
    <size>199443</size>
    <md5>81aadac96acc31104dab5dd300ad3fd8</md5>
    <crc32>f77d6d6b</crc32>
    <sha1>0d2d4d611a1811ac9001bff0ec18dcdb8a5f5288</sha1>
    <format>JPEG</format>
    <rotation>0</rotation>
  </file>
  <file name="1933 April Popular Science_thumb.jpg" source="derivative">
    <format>JPEG Thumb</format>
    <original>1933 April Popular Science.jpg</original>
    <mtime>1483198754</mtime>
    <size>7348</size>
    <md5>037d8dbaec9fe3fb32ec9622c4493843</md5>
    <crc32>2bd539f4</crc32>
    <sha1>80259ad6ab77d1291091dac1e62c49658e5caee6</sha1>
  </file>
  <file name="1933 Saturday Evening Post.jpg" source="original">
    <mtime>1483198318</mtime>
    <size>544703</size>
    <md5>fb054538f19f64e99c04963fe2036540</md5>
    <crc32>2da44f8a</crc32>
    <sha1>c8046e23e9906a93d0ecea728f9cc2272b6e8648</sha1>
    <format>JPEG</format>
    <rotation>0</rotation>
  </file>
  <file name="1933 Saturday Evening Post_thumb.jpg" source="derivative">
    <format>JPEG Thumb</format>
    <original>1933 Saturday Evening Post.jpg</original>
    <mtime>1483198761</mtime>
    <size>6735</size>
    <md5>1947d87f5d1270759f6588f444b3e99f</md5>
    <crc32>6e995d36</crc32>
    <sha1>c37480d6b9a38070018685477b75eb9675dbde3e</sha1>
  </file>
  <file name="1936 July Popular Science.jpg" source="original">
    <mtime>1483198326</mtime>
    <size>202046</size>
    <md5>e564d7b72654b135b428f6bb09f705cd</md5>
    <crc32>747fa4af</crc32>
    <sha1>b512604e30d98a53c79c2c66e7974665289045c4</sha1>
    <format>JPEG</format>
    <rotation>0</rotation>
  </file>
  <file name="1936 July Popular Science_thumb.jpg" source="derivative">
    <format>JPEG Thumb</format>
    <original>1936 July Popular Science.jpg</original>
    <mtime>1483198763</mtime>
    <size>7114</size>
    <md5>448309905ae0d951ae1b6adca9553381</md5>
    <crc32>bd8dd2f0</crc32>
    <sha1>8b7c7819df9c8cf2a4fc91046847b7e735b5e4d9</sha1>
  </file>
  <file name="1938 April.jpg" source="original">
    <mtime>1483198335</mtime>
    <size>196580</size>
    <md5>79609b3569ef4e7077273c24cd2a035f</md5>
    <crc32>b0ac3cc9</crc32>
    <sha1>6a9169f9b887e5ae861edc67fc60d904f11e3ca4</sha1>
    <format>JPEG</format>
    <rotation>0</rotation>
  </file>
  <file name="1938 April_thumb.jpg" source="derivative">
    <format>JPEG Thumb</format>
    <original>1938 April.jpg</original>
    <mtime>1483198819</mtime>
    <size>7032</size>
    <md5>d5238accad245f9ec9c7b299bcc7c79a</md5>
    <crc32>79ef6ae9</crc32>
    <sha1>dad168e0292d2ac8cbeaa2d5a894fc0704cc3906</sha1>
  </file>
  <file name="1938 December.jpg" source="original">
    <mtime>1483198339</mtime>
    <size>181802</size>
    <md5>f390e67ac7d5109bf5838686d2161a97</md5>
    <crc32>f9448b36</crc32>
    <sha1>22e94da5bcea18ccc2cdc1ad77722a521bea4ef4</sha1>
    <format>JPEG</format>
    <rotation>0</rotation>
  </file>
  <file name="1938 December_thumb.jpg" source="derivative">
    <format>JPEG Thumb</format>
    <original>1938 December.jpg</original>
    <mtime>1483198710</mtime>
    <size>6602</size>
    <md5>f8502972122742f41dd94784eaba3bcf</md5>
    <crc32>f3fc5ff5</crc32>
    <sha1>545a0e189cd6ef1a41f8a72b6c93b4ec4dd854fc</sha1>
  </file>
  <file name="1938 February.jpg" source="original">
    <mtime>1483198342</mtime>
    <size>193078</size>
    <md5>87288d64afd4311dd7b7dd75fc180a2b</md5>
    <crc32>450fda43</crc32>
    <sha1>0ac236f40aefdf7a91729d8157bc98ace9c32da9</sha1>
    <format>JPEG</format>
    <rotation>0</rotation>
  </file>
  <file name="1938 February_thumb.jpg" source="derivative">
    <format>JPEG Thumb</format>
    <original>1938 February.jpg</original>
    <mtime>1483198768</mtime>
    <size>6892</size>
    <md5>1e3b9fc862b357c515a03a9b7163b132</md5>
    <crc32>774fdc1c</crc32>
    <sha1>bd78d37a6261af3276ebdc1ad456537223ff59e5</sha1>
  </file>
  <file name="1938 July PopularScience.jpg" source="original">
    <mtime>1483198346</mtime>
    <size>202336</size>
    <md5>ddb8c5b1b684ced06fa81885593309a4</md5>
    <crc32>ac543155</crc32>
    <sha1>da3d50d6c5e2e473ec56447f465ea85e558cd51e</sha1>
    <format>JPEG</format>
    <rotation>0</rotation>
  </file>
  <file name="1938 July PopularScience_thumb.jpg" source="derivative">
    <format>JPEG Thumb</format>
    <original>1938 July PopularScience.jpg</original>
    <mtime>1483198774</mtime>
    <size>7570</size>
    <md5>a34c6009a06c3099bdd6af59bec09a15</md5>
    <crc32>daab64ad</crc32>
    <sha1>135a386ba74a552eed1a857b596c4a4553b4f46e</sha1>
  </file>
  <file name="1938 October Mechanics Handicraft.jpg" source="original">
    <mtime>1483198350</mtime>
    <size>188584</size>
    <md5>2296ac79bb557f9349e6ceaf507ea68e</md5>
    <crc32>8526afcf</crc32>
    <sha1>6020863bb5b17fd65d872a785a547a924fb6686e</sha1>
    <format>JPEG</format>
    <rotation>0</rotation>
  </file>
  <file name="1938 October Mechanics Handicraft_thumb.jpg" source="derivative">
    <format>JPEG Thumb</format>
    <original>1938 October Mechanics Handicraft.jpg</original>
    <mtime>1483198784</mtime>
    <size>7046</size>
    <md5>c561cbe060f7b054dea7fd265d8860ad</md5>
    <crc32>efe69253</crc32>
    <sha1>274ddf2a85a2cbe88d880eff0dcedbb904019f5c</sha1>
  </file>
  <file name="1939 April.jpg" source="original">
    <mtime>1483198356</mtime>
    <size>170952</size>
    <md5>4257baad488308eee403c4e3a38bc1f2</md5>
    <crc32>9780171f</crc32>
    <sha1>37221659d17bb96af786181a18bf72a9316eb37b</sha1>
    <format>JPEG</format>
    <rotation>0</rotation>
  </file>
  <file name="1939 April_thumb.jpg" source="derivative">
    <format>JPEG Thumb</format>
    <original>1939 April.jpg</original>
    <mtime>1483198785</mtime>
    <size>8608</size>
    <md5>3f806cb25cc0ffc94b75913dda855475</md5>
    <crc32>fe55a53d</crc32>
    <sha1>5d8841b0d6e8de3840e4f6908648e01295dce536</sha1>
  </file>
  <file name="1939 December.jpg" source="original">
    <mtime>1483198360</mtime>
    <size>154236</size>
    <md5>27c178e6552355b01b7ebf012a6a7c80</md5>
    <crc32>3033bb56</crc32>
    <sha1>0a69dfd9e7479473b7572356a28736bff4671b19</sha1>
    <format>JPEG</format>
    <rotation>0</rotation>
  </file>
  <file name="1939 December_thumb.jpg" source="derivative">
    <format>JPEG Thumb</format>
    <original>1939 December.jpg</original>
    <mtime>1483198787</mtime>
    <size>7737</size>
    <md5>7eaec52fe5aaba122151d5aee32c8759</md5>
    <crc32>5afaf309</crc32>
    <sha1>2d2e752a22a3e8668e949929dea9b44f1ab8fc77</sha1>
  </file>
  <file name="1939 March.jpg" source="original">
    <mtime>1483198363</mtime>
    <size>188164</size>
    <md5>4b9fa901b83051e54021109e1cb0d299</md5>
    <crc32>e3a4e827</crc32>
    <sha1>8a764e78f12126e8010fced9e16d21eaa540cf7f</sha1>
    <format>JPEG</format>
    <rotation>0</rotation>
  </file>
  <file name="1939 March_thumb.jpg" source="derivative">
    <format>JPEG Thumb</format>
    <original>1939 March.jpg</original>
    <mtime>1483198788</mtime>
    <size>8845</size>
    <md5>d448c20ed07a0735946ab9e3dc3bd411</md5>
    <crc32>ec8dde3f</crc32>
    <sha1>dbd0eec9ce91f78d8ffe08f462646f9c1a4930da</sha1>
  </file>
  <file name="1939 May.jpg" source="original">
    <mtime>1483198377</mtime>
    <size>203124</size>
    <md5>9819a452f53c7b64c90ba7c895df1fcb</md5>
    <crc32>c09e493c</crc32>
    <sha1>a9e429ed6af1fdfb546f273a258ed3b03bf01cc6</sha1>
    <format>JPEG</format>
    <rotation>0</rotation>
  </file>
  <file name="1939 May_thumb.jpg" source="derivative">
    <format>JPEG Thumb</format>
    <original>1939 May.jpg</original>
    <mtime>1483198795</mtime>
    <size>7100</size>
    <md5>11cf129f886b47c5161acaf0fc1086d7</md5>
    <crc32>d1ab8b6f</crc32>
    <sha1>bfc19aaa7e224f1fe3dd745dfa2707ad05d67880</sha1>
  </file>
  <file name="1939 November.jpg" source="original">
    <mtime>1483198384</mtime>
    <size>205081</size>
    <md5>a01c2e518329e65ca169548b24fe963a</md5>
    <crc32>a19880b7</crc32>
    <sha1>1f6fa8e372b60d7df5e0ad9c6ae9c599c9fc5fdb</sha1>
    <format>JPEG</format>
    <rotation>0</rotation>
  </file>
  <file name="1939 November_thumb.jpg" source="derivative">
    <format>JPEG Thumb</format>
    <original>1939 November.jpg</original>
    <mtime>1483198797</mtime>
    <size>7906</size>
    <md5>9cc10f8696089d14439016f606fe8eff</md5>
    <crc32>fb77ee6d</crc32>
    <sha1>9446da7b2e33645ae1a6a7552bb9f96106672ac2</sha1>
  </file>
  <file name="1940 001 PSM.jpg" source="original">
    <mtime>1483198394</mtime>
    <size>207968</size>
    <md5>c738fe20510bea920124292694bf50cb</md5>
    <crc32>8b1ad757</crc32>
    <sha1>bbf4c55a6190893538e1b65da45f2aa9b1e0b215</sha1>
    <format>JPEG</format>
    <rotation>0</rotation>
  </file>
  <file name="1940 001 PSM_thumb.jpg" source="derivative">
    <format>JPEG Thumb</format>
    <original>1940 001 PSM.jpg</original>
    <mtime>1483198798</mtime>
    <size>6997</size>
    <md5>b4a97d41f2d2ebeecac8c7762b2753a9</md5>
    <crc32>92fe7fd4</crc32>
    <sha1>ffdb7afd289f708c3a410d5709437c265d86ecd9</sha1>
  </file>
  <file name="1940 April.jpg" source="original">
    <mtime>1483198397</mtime>
    <size>169707</size>
    <md5>1222737e196da9a6ebe1dc1674788ef1</md5>
    <crc32>55a20b57</crc32>
    <sha1>cc3cdf68628a54e45de1fa0dd0244b8ef06512bc</sha1>
    <format>JPEG</format>
    <rotation>0</rotation>
  </file>
  <file name="1940 April_thumb.jpg" source="derivative">
    <format>JPEG Thumb</format>
    <original>1940 April.jpg</original>
    <mtime>1483198805</mtime>
    <size>7758</size>
    <md5>13b01a0dd422d5d1ff9a1e4751b9dc96</md5>
    <crc32>8707c2f6</crc32>
    <sha1>da54ab87895929d3aa8b40419254814d8e51e2ce</sha1>
  </file>
  <file name="1940 August Pop Sci.jpg" source="original">
    <mtime>1483198401</mtime>
    <size>164419</size>
    <md5>aec5304b82a5a1dddc2456a445643ef9</md5>
    <crc32>23093206</crc32>
    <sha1>cd3a03534af3b92f730ff453372a4d8a0fb75b1a</sha1>
    <format>JPEG</format>
    <rotation>0</rotation>
  </file>
  <file name="1940 August Pop Sci_thumb.jpg" source="derivative">
    <format>JPEG Thumb</format>
    <original>1940 August Pop Sci.jpg</original>
    <mtime>1483198807</mtime>
    <size>6578</size>
    <md5>b597d76b5ad3dba9ff3df400c41ab4fb</md5>
    <crc32>5ad57954</crc32>
    <sha1>204931a700576167b9b795e2d424e67197b5507c</sha1>
  </file>
  <file name="1940 January 002.jpg" source="original">
    <mtime>1483198406</mtime>
    <size>278771</size>
    <md5>60805dbf9385a4ffe7b9a7302af99421</md5>
    <crc32>c4b0ea41</crc32>
    <sha1>98edb9b4829b9f9a33bbfd4ec7a96473f35da6f8</sha1>
    <format>JPEG</format>
    <rotation>0</rotation>
  </file>
  <file name="1940 January 002_thumb.jpg" source="derivative">
    <format>JPEG Thumb</format>
    <original>1940 January 002.jpg</original>
    <mtime>1483198808</mtime>
    <size>7698</size>
    <md5>366fbf24857953f8f2b16dabe1c09509</md5>
    <crc32>8abab102</crc32>
    <sha1>e8ddd673d5094f4799288ea22199ce5d3a40e807</sha1>
  </file>
  <file name="1940 July.jpg" source="original">
    <mtime>1483198408</mtime>
    <size>177144</size>
    <md5>5e1a4d38da72614360d9e54ee9479df3</md5>
    <crc32>ff6ab8dc</crc32>
    <sha1>0e737759d43cf299e358608a1d2c210d364563d8</sha1>
    <format>JPEG</format>
    <rotation>0</rotation>
  </file>
  <file name="1940 July_thumb.jpg" source="derivative">
    <format>JPEG Thumb</format>
    <original>1940 July.jpg</original>
    <mtime>1483198810</mtime>
    <size>6606</size>
    <md5>f0cfec330fe05c55ba5ca415835f41ab</md5>
    <crc32>10ea7e6d</crc32>
    <sha1>3a9fbdda0d8b86374e0cffccb18ab64fbe670dce</sha1>
  </file>
  <file name="1940 March.jpg" source="original">
    <mtime>1483198416</mtime>
    <size>170129</size>
    <md5>c54d62170c4a83b9cf9b297125598b47</md5>
    <crc32>4117ecdd</crc32>
    <sha1>e6614957942dcbf5341c3b501e75049a309460b3</sha1>
    <format>JPEG</format>
    <rotation>0</rotation>
  </file>
  <file name="1940 March_thumb.jpg" source="derivative">
    <format>JPEG Thumb</format>
    <original>1940 March.jpg</original>
    <mtime>1483198811</mtime>
    <size>7232</size>
    <md5>c7e626bbbfefe608d7bdc9c697d01e88</md5>
    <crc32>2addebd7</crc32>
    <sha1>1d4b0a056425e461ed3b60a46947c643cb208bdc</sha1>
  </file>
  <file name="1940 May Pop Sci.jpg" source="original">
    <mtime>1483198419</mtime>
    <size>163368</size>
    <md5>f0cd8f6809aa4b057fcfe6167db0c257</md5>
    <crc32>1f7312db</crc32>
    <sha1>338bdd7341aefbde8d737ae9b00a34a49e5f2fe3</sha1>
    <format>JPEG</format>
    <rotation>0</rotation>
  </file>
  <file name="1940 May Pop Sci_thumb.jpg" source="derivative">
    <format>JPEG Thumb</format>
    <original>1940 May Pop Sci.jpg</original>
    <mtime>1483198764</mtime>
    <size>6835</size>
    <md5>b5b295fda29d4ad1ad92f2be6b1ccc10</md5>
    <crc32>84bb22a2</crc32>
    <sha1>21ca73585c20cd158e96b57d77d0e3b0634d4d18</sha1>
  </file>
  <file name="1940 September.jpg" source="original">
    <mtime>1483198422</mtime>
    <size>163239</size>
    <md5>0d8a9f2e9d574aa5c2186fd05d9c108f</md5>
    <crc32>f187e41a</crc32>
    <sha1>543b2f5bb4cb2140d30f13ad3f02b8b7b206b672</sha1>
    <format>JPEG</format>
    <rotation>0</rotation>
  </file>
  <file name="1940 September_thumb.jpg" source="derivative">
    <format>JPEG Thumb</format>
    <original>1940 September.jpg</original>
    <mtime>1483198822</mtime>
    <size>7278</size>
    <md5>993f8098aba9d0f99310fcb4c99b31c9</md5>
    <crc32>a6561c87</crc32>
    <sha1>0318d38c260a27deef8a2ee4d4ca58c1d0ddc219</sha1>
  </file>
  <file name="1941 000.jpg" source="original">
    <mtime>1483198425</mtime>
    <size>138664</size>
    <md5>725009a1c0b5f896a4a3ca38c3965bc6</md5>
    <crc32>3c20f8a1</crc32>
    <sha1>bf82343b461f7a05a8274a550d4e18cee31d693b</sha1>
    <format>JPEG</format>
    <rotation>0</rotation>
  </file>
  <file name="1941 000_thumb.jpg" source="derivative">
    <format>JPEG Thumb</format>
    <original>1941 000.jpg</original>
    <mtime>1483198880</mtime>
    <size>6703</size>
    <md5>2a3fe49def3bddcc8446f072f7a341b1</md5>
    <crc32>d5febb8c</crc32>
    <sha1>548d7b612e3768436cd8d6be5d757b6359526c5e</sha1>
  </file>
  <file name="1941 April Popular Science.jpg" source="original">
    <mtime>1483198429</mtime>
    <size>176344</size>
    <md5>52479b0616f4fe3a61e4d5f484470b14</md5>
    <crc32>c92d316c</crc32>
    <sha1>7f291dbf10c59c89cd3e17e7ef4ee2cd01e9fb7e</sha1>
    <format>JPEG</format>
    <rotation>0</rotation>
  </file>
  <file name="1941 April Popular Science_thumb.jpg" source="derivative">
    <format>JPEG Thumb</format>
    <original>1941 April Popular Science.jpg</original>
    <mtime>1483198887</mtime>
    <size>6561</size>
    <md5>2e4c37c5c0f3aeb7242d354d35a89c3b</md5>
    <crc32>f023c51c</crc32>
    <sha1>add5622b783dc2f8af2cbd62c69cfe02d51d7949</sha1>
  </file>
  <file name="1941 April.jpg" source="original">
    <mtime>1483198434</mtime>
    <size>160301</size>
    <md5>f9fbd4d2cec54107729e248a72f35b3a</md5>
    <crc32>22d02779</crc32>
    <sha1>8bf577dde9f510725dc25ca1bb193b78a5d29026</sha1>
    <format>JPEG</format>
    <rotation>0</rotation>
  </file>
  <file name="1941 April_thumb.jpg" source="derivative">
    <format>JPEG Thumb</format>
    <original>1941 April.jpg</original>
    <mtime>1483198827</mtime>
    <size>7195</size>
    <md5>a865a1570e226cc35e8357973babdb46</md5>
    <crc32>5816b1bb</crc32>
    <sha1>1e0c4d0d4e0f69472a0a80da01cd58202ff95d32</sha1>
  </file>
  <file name="1941 August.jpg" source="original">
    <mtime>1483198454</mtime>
    <size>182643</size>
    <md5>b278410620fdae598c1a7b9d64ff81db</md5>
    <crc32>668335a4</crc32>
    <sha1>5f14124a062e73d1de194bd5c19bb37ac044f1d1</sha1>
    <format>JPEG</format>
    <rotation>0</rotation>
  </file>
  <file name="1941 August_thumb.jpg" source="derivative">
    <format>JPEG Thumb</format>
    <original>1941 August.jpg</original>
    <mtime>1483198828</mtime>
    <size>6926</size>
    <md5>fc913a7be34c2f37e357082611e84b09</md5>
    <crc32>04cb96a4</crc32>
    <sha1>2b9e824d0a77528d122d4f8d7c62ee2564e5f689</sha1>
  </file>
  <file name="1941 February.jpg" source="original">
    <mtime>1483198459</mtime>
    <size>187779</size>
    <md5>10785463542227e0d716f87ce07eeef7</md5>
    <crc32>b6df5009</crc32>
    <sha1>2a7313fbf010ec59d9ab4adf52e7cbcbb3c77c01</sha1>
    <format>JPEG</format>
    <rotation>0</rotation>
  </file>
  <file name="1941 February_thumb.jpg" source="derivative">
    <format>JPEG Thumb</format>
    <original>1941 February.jpg</original>
    <mtime>1483198830</mtime>
    <size>7779</size>
    <md5>e8a09bae4f5b41af92cb4c60ad90e724</md5>
    <crc32>2ac720cf</crc32>
    <sha1>7131e42c42e35345d2667716d54ff6310ddfb1de</sha1>
  </file>
  <file name="1941 January.jpg" source="original">
    <mtime>1483198463</mtime>
    <size>160879</size>
    <md5>25866fb0f1b1696c923eab9f5e72d06a</md5>
    <crc32>a3f882d4</crc32>
    <sha1>e250ca1c29de95c273185b282473396ee80629e1</sha1>
    <format>JPEG</format>
    <rotation>0</rotation>
  </file>
  <file name="1941 January_thumb.jpg" source="derivative">
    <format>JPEG Thumb</format>
    <original>1941 January.jpg</original>
    <mtime>1483198836</mtime>
    <size>6875</size>
    <md5>ef08d1dcb45946969a09a57ac22aec4d</md5>
    <crc32>6cb338a6</crc32>
    <sha1>339297747b32fa3c5b623ad12e8df867a9539904</sha1>
  </file>
  <file name="1941 March Popular Science.jpg" source="original">
    <mtime>1483198466</mtime>
    <size>158118</size>
    <md5>7ffaafb305dfaf7554a4f2d1fa54fdfb</md5>
    <crc32>cfc7448a</crc32>
    <sha1>64ba1803fdc402c9a1f23191c6a698185d8b66cc</sha1>
    <format>JPEG</format>
    <rotation>0</rotation>
  </file>
  <file name="1941 March Popular Science_thumb.jpg" source="derivative">
    <format>JPEG Thumb</format>
    <original>1941 March Popular Science.jpg</original>
    <mtime>1483198838</mtime>
    <size>5531</size>
    <md5>b302ccbe4e30d39456f7bf6b8d022011</md5>
    <crc32>d81576a0</crc32>
    <sha1>54e3f91094f783704d625d1787615f033917f4bc</sha1>
  </file>
  <file name="1941 March.jpg" source="original">
    <mtime>1483198476</mtime>
    <size>156648</size>
    <md5>5152ceb0e2240cca84eade5b7f05925a</md5>
    <crc32>1ae7644e</crc32>
    <sha1>8c3d8ab78b60d5e1a56d0dc1b7451305e3c58f38</sha1>
    <format>JPEG</format>
    <rotation>0</rotation>
  </file>
  <file name="1941 March_thumb.jpg" source="derivative">
    <format>JPEG Thumb</format>
    <original>1941 March.jpg</original>
    <mtime>1483198840</mtime>
    <size>7165</size>
    <md5>cf0aacdbccfcc2deefb27b7da7362ecf</md5>
    <crc32>37391145</crc32>
    <sha1>46c8b2d8e839c1237250292a31b24265bd7c44a9</sha1>
  </file>
  <file name="1941 May Popular Science.jpg" source="original">
    <mtime>1483198486</mtime>
    <size>217781</size>
    <md5>41e26dfe2a100cc34d9eb6992c210376</md5>
    <crc32>e28c7a88</crc32>
    <sha1>5085ba5fe54f8da3a0ebbc722019dce71a4cbd3c</sha1>
    <format>JPEG</format>
    <rotation>0</rotation>
  </file>
  <file name="1941 May Popular Science_thumb.jpg" source="derivative">
    <format>JPEG Thumb</format>
    <original>1941 May Popular Science.jpg</original>
    <mtime>1483198846</mtime>
    <size>7390</size>
    <md5>bad2a64fca436d6f34ee6da47247bc71</md5>
    <crc32>c135c39b</crc32>
    <sha1>e0fbd57d673b9712c55d38ed2e988ee8a28ebf04</sha1>
  </file>
  <file name="1941 October 002.jpg" source="original">
    <mtime>1483198490</mtime>
    <size>170998</size>
    <md5>9724334af644af7571ca5d7e53c90c83</md5>
    <crc32>608211ba</crc32>
    <sha1>3b7eaea10382f5a28d568b0ed72715eae8590bd1</sha1>
    <format>JPEG</format>
    <rotation>0</rotation>
  </file>
  <file name="1941 October 002_thumb.jpg" source="derivative">
    <format>JPEG Thumb</format>
    <original>1941 October 002.jpg</original>
    <mtime>1483198847</mtime>
    <size>7680</size>
    <md5>5a13cfed4535e1162f98270b3dac07b4</md5>
    <crc32>d84f9558</crc32>
    <sha1>842197a8575a3de397aab80ff74f50b7563a853c</sha1>
  </file>
  <file name="1941 October.jpg" source="original">
    <mtime>1483198493</mtime>
    <size>182712</size>
    <md5>364d8f94b518c9c4d4de6bf6d7cf9bb4</md5>
    <crc32>db4825e5</crc32>
    <sha1>29eaa0bf72d45f961b5c94102bf6b0df506641c7</sha1>
    <format>JPEG</format>
    <rotation>0</rotation>
  </file>
  <file name="1941 October_thumb.jpg" source="derivative">
    <format>JPEG Thumb</format>
    <original>1941 October.jpg</original>
    <mtime>1483198855</mtime>
    <size>7060</size>
    <md5>07a8af092be0c90382f6bcb19a7c4154</md5>
    <crc32>44046388</crc32>
    <sha1>2f7c07030a92937794b3161df1b297bb530428f0</sha1>
  </file>
  <file name="1941 September Popular Science.jpg" source="original">
    <mtime>1483198498</mtime>
    <size>220203</size>
    <md5>990177f7e12ef60de8bfa9fc71688eab</md5>
    <crc32>80524794</crc32>
    <sha1>971ff0d4616ab9aa438d176a9e310e74c2bda804</sha1>
    <format>JPEG</format>
    <rotation>0</rotation>
  </file>
  <file name="1941 September Popular Science_thumb.jpg" source="derivative">
    <format>JPEG Thumb</format>
    <original>1941 September Popular Science.jpg</original>
    <mtime>1483198857</mtime>
    <size>6729</size>
    <md5>af1658088197057a73a0f8489116d55c</md5>
    <crc32>8d8cb7b5</crc32>
    <sha1>99477afbaf2ab0b20a0d7c204b602d4ee2eed206</sha1>
  </file>
  <file name="1941 September.jpg" source="original">
    <mtime>1483198509</mtime>
    <size>167489</size>
    <md5>2d238de8c05593b5547e6417c0b6925d</md5>
    <crc32>033c215b</crc32>
    <sha1>71451d285eddd37e5c95de5cbed3a2d4c111fae3</sha1>
    <format>JPEG</format>
    <rotation>0</rotation>
  </file>
  <file name="1941 September_thumb.jpg" source="derivative">
    <format>JPEG Thumb</format>
    <original>1941 September.jpg</original>
    <mtime>1483198859</mtime>
    <size>7206</size>
    <md5>ee0e8eeaa729305cc3ec7470dd52cec6</md5>
    <crc32>67873a17</crc32>
    <sha1>b678184928db6ccb47282745b829eb790ef50683</sha1>
  </file>
  <file name="1942 000 563 KB.jpg" source="original">
    <mtime>1483198517</mtime>
    <size>214990</size>
    <md5>1476c4aac4f299c7dcd6c27d4f13e208</md5>
    <crc32>767aa6bd</crc32>
    <sha1>d1645209c7324e7ee59ac5f4c79c4dac47110272</sha1>
    <format>JPEG</format>
    <rotation>0</rotation>
  </file>
  <file name="1942 000 563 KB_thumb.jpg" source="derivative">
    <format>JPEG Thumb</format>
    <original>1942 000 563 KB.jpg</original>
    <mtime>1483198860</mtime>
    <size>7107</size>
    <md5>5848b6685febda2fb3fb0418baf4537a</md5>
    <crc32>909aa76a</crc32>
    <sha1>7eb67132315464f999725c0a41e4c51c77ea9ba4</sha1>
  </file>
  <file name="1942 000a September.jpg" source="original">
    <mtime>1483198528</mtime>
    <size>221691</size>
    <md5>bc3187fd0dc886326e70c424292447d4</md5>
    <crc32>edcf97a9</crc32>
    <sha1>fe8b729ba2f80dde7921838e81e01f3bf660264c</sha1>
    <format>JPEG</format>
    <rotation>0</rotation>
  </file>
  <file name="1942 000a September_thumb.jpg" source="derivative">
    <format>JPEG Thumb</format>
    <original>1942 000a September.jpg</original>
    <mtime>1483198867</mtime>
    <size>8094</size>
    <md5>de22f88a9cddf3ca1300a16d4b4ad340</md5>
    <crc32>c731fda2</crc32>
    <sha1>3040bd85031d8f15f1487ca63fd0b5f106d41680</sha1>
  </file>
  <file name="1942 April 002.jpg" source="original">
    <mtime>1483198530</mtime>
    <size>197890</size>
    <md5>86c3289202cddaa2bcb12ef48e556bf8</md5>
    <crc32>225a75af</crc32>
    <sha1>fb61ffb54459f1342e3cb57e986f0f960b4a7abd</sha1>
    <format>JPEG</format>
    <rotation>0</rotation>
  </file>
  <file name="1942 April 002_thumb.jpg" source="derivative">
    <format>JPEG Thumb</format>
    <original>1942 April 002.jpg</original>
    <mtime>1483198868</mtime>
    <size>9125</size>
    <md5>71991906656dbe2ec1c9bae456e678a4</md5>
    <crc32>037e3935</crc32>
    <sha1>4e47d56ee84f6a30772f3034f042a3aa31849c10</sha1>
  </file>
  <file name="1942 April.jpg" source="original">
    <mtime>1483198534</mtime>
    <size>185156</size>
    <md5>d839e751a5b51e0f0c469a5900c8d507</md5>
    <crc32>dc623237</crc32>
    <sha1>215b49591d5ca5f8b0451e78ac56917950d9a113</sha1>
    <format>JPEG</format>
    <rotation>0</rotation>
  </file>
  <file name="1942 April_thumb.jpg" source="derivative">
    <format>JPEG Thumb</format>
    <original>1942 April.jpg</original>
    <mtime>1483198823</mtime>
    <size>6732</size>
    <md5>20a6f75d88a0e775e8b8f4f96e4314a8</md5>
    <crc32>605f62dc</crc32>
    <sha1>f5d66552a4a43b14eb02a03a5ec64f9e72afd7d4</sha1>
  </file>
  <file name="1942 August.jpg" source="original">
    <mtime>1483198541</mtime>
    <size>195692</size>
    <md5>988a41c55ee84b1e934a0fb34acd2f6b</md5>
    <crc32>8451b063</crc32>
    <sha1>329f6666d5ad45d9c3d8ae8bcacf947f83dfd40f</sha1>
    <format>JPEG</format>
    <rotation>0</rotation>
  </file>
  <file name="1942 August_thumb.jpg" source="derivative">
    <format>JPEG Thumb</format>
    <original>1942 August.jpg</original>
    <mtime>1483198826</mtime>
    <size>8996</size>
    <md5>345fe3d66c5ff8a707e4e2a80cdb51fd</md5>
    <crc32>bdc9105c</crc32>
    <sha1>2a527c432ab86fe8e447c9330587775c7757a8b6</sha1>
  </file>
  <file name="1942 December.jpg" source="original">
    <mtime>1483198551</mtime>
    <size>165626</size>
    <md5>b064a2518d28134a2580a3ee02c03975</md5>
    <crc32>d73c2da6</crc32>
    <sha1>f22b7fd488d3d02d94b9a0a165de1411dbae2f9c</sha1>
    <format>JPEG</format>
    <rotation>0</rotation>
  </file>
  <file name="1942 December_thumb.jpg" source="derivative">
    <format>JPEG Thumb</format>
    <original>1942 December.jpg</original>
    <mtime>1483198888</mtime>
    <size>7426</size>
    <md5>f7c55b62481ca546ece6aafc750e1229</md5>
    <crc32>5615df5f</crc32>
    <sha1>677e7193e524d24e4f7be1b86799ec5ebd0dd865</sha1>
  </file>
  <file name="1942 July 002.jpg" source="original">
    <mtime>1483198561</mtime>
    <size>208974</size>
    <md5>c212043630649b4fdc7b88256ee63ca3</md5>
    <crc32>3ac35b1f</crc32>
    <sha1>cc864b104c29548a3a6c2f65eb03e6d71e59abb2</sha1>
    <format>JPEG</format>
    <rotation>0</rotation>
  </file>
  <file name="1942 July 002_thumb.jpg" source="derivative">
    <format>JPEG Thumb</format>
    <original>1942 July 002.jpg</original>
    <mtime>1483198891</mtime>
    <size>7256</size>
    <md5>a29c28b98c81bef498e3fc8a4c28f39a</md5>
    <crc32>fed303fe</crc32>
    <sha1>5104130bc50962a956cf3361c1aaab29a67fab90</sha1>
  </file>
  <file name="1942 July.jpg" source="original">
    <mtime>1483198571</mtime>
    <size>132061</size>
    <md5>ac1ae9e4b98966a66e8c0d99c75473ee</md5>
    <crc32>0cfc2054</crc32>
    <sha1>d0f2c7177ed95a3d185f70cda55cfe453460a7d3</sha1>
    <format>JPEG</format>
    <rotation>0</rotation>
  </file>
  <file name="1942 July_thumb.jpg" source="derivative">
    <format>JPEG Thumb</format>
    <original>1942 July.jpg</original>
    <mtime>1483198897</mtime>
    <size>6136</size>
    <md5>53394572d8f23fd66cccbf35a0b1e567</md5>
    <crc32>22cec9f5</crc32>
    <sha1>b6d1a634adf68d7ad59bc7773ec23ae1f74e5371</sha1>
  </file>
  <file name="1942 May.jpg" source="original">
    <mtime>1483198580</mtime>
    <size>176957</size>
    <md5>0e3d3760692c19d269e341be68ceb847</md5>
    <crc32>12529d69</crc32>
    <sha1>6a47df43c38a14b94debf22fecd8d31a292a596b</sha1>
    <format>JPEG</format>
    <rotation>0</rotation>
  </file>
  <file name="1942 May_thumb.jpg" source="derivative">
    <format>JPEG Thumb</format>
    <original>1942 May.jpg</original>
    <mtime>1483198899</mtime>
    <size>8063</size>
    <md5>20245022d87d9b9159ab3d9e7de31f6c</md5>
    <crc32>3bdc2524</crc32>
    <sha1>8e8b982dbb8b2093997e52bce851000d4c14fbb5</sha1>
  </file>
  <file name="1942 November.jpg" source="original">
    <mtime>1483198586</mtime>
    <size>157028</size>
    <md5>e12f9b6ff6c79ec042ed69de19d341cb</md5>
    <crc32>6a4385ef</crc32>
    <sha1>f73d9266fe974c22c9a6d968552e74c335016b91</sha1>
    <format>JPEG</format>
    <rotation>0</rotation>
  </file>
  <file name="1942 November_thumb.jpg" source="derivative">
    <format>JPEG Thumb</format>
    <original>1942 November.jpg</original>
    <mtime>1483198905</mtime>
    <size>6992</size>
    <md5>6997c7da12c866735ddb53875ca8427e</md5>
    <crc32>03742214</crc32>
    <sha1>5dc976042790ee565d8d031a48eca080ef26f760</sha1>
  </file>
  <file name="1942 October.jpg" source="original">
    <mtime>1483198594</mtime>
    <size>174658</size>
    <md5>234848c41158ed6ddd27cba2466d087e</md5>
    <crc32>e62d9721</crc32>
    <sha1>043b5afc1aaa7589378b4d7ed1632b7c3dcf3725</sha1>
    <format>JPEG</format>
    <rotation>0</rotation>
  </file>
  <file name="1942 October_thumb.jpg" source="derivative">
    <format>JPEG Thumb</format>
    <original>1942 October.jpg</original>
    <mtime>1483198907</mtime>
    <size>7022</size>
    <md5>a8340984b08519c59d533147237ea0c2</md5>
    <crc32>f326aeaf</crc32>
    <sha1>966bc0a9cffdf0933a492369f4eb995d12b289b9</sha1>
  </file>
  <file name="1943 000 October.jpg" source="original">
    <mtime>1483198599</mtime>
    <size>225988</size>
    <md5>aa019dde70e71ee9525ba27e0d89c2cd</md5>
    <crc32>07dad8c8</crc32>
    <sha1>fcdc4313c7f55c9d74639c49ece056a024cba9fc</sha1>
    <format>JPEG</format>
    <rotation>0</rotation>
  </file>
  <file name="1943 000 October_thumb.jpg" source="derivative">
    <format>JPEG Thumb</format>
    <original>1943 000 October.jpg</original>
    <mtime>1483198908</mtime>
    <size>8457</size>
    <md5>79316d5525b6dbac3d23181922f04e72</md5>
    <crc32>0835444b</crc32>
    <sha1>6aa4fceaea6dbc28b2fdda11039b8de6d588d8e0</sha1>
  </file>
  <file name="1943 November Mechanix Illustrated.jpg" source="original">
    <mtime>1483198604</mtime>
    <size>173872</size>
    <md5>cc5449b1eab7ee5be0a925b946d47caf</md5>
    <crc32>54556e2e</crc32>
    <sha1>5440a35cb4cc438439b25b780c2e5054de7d7179</sha1>
    <format>JPEG</format>
    <rotation>0</rotation>
  </file>
  <file name="1943 November Mechanix Illustrated_thumb.jpg" source="derivative">
    <format>JPEG Thumb</format>
    <original>1943 November Mechanix Illustrated.jpg</original>
    <mtime>1483198916</mtime>
    <size>5513</size>
    <md5>e3b10779ac4ea60cad5a0fa8479a0f24</md5>
    <crc32>0581d10f</crc32>
    <sha1>db69e11e0ff69474ab3215558a2cf8841a8f92fe</sha1>
  </file>
  <file name="1945 February Popular Science.jpg" source="original">
    <mtime>1483198610</mtime>
    <size>219005</size>
    <md5>7d903b02f2af2a3a76830dafec3f8823</md5>
    <crc32>54c46287</crc32>
    <sha1>f558bd5b037c46cb62751f320cba4bac9c05bcc4</sha1>
    <format>JPEG</format>
    <rotation>0</rotation>
  </file>
  <file name="1945 February Popular Science_thumb.jpg" source="derivative">
    <format>JPEG Thumb</format>
    <original>1945 February Popular Science.jpg</original>
    <mtime>1483198917</mtime>
    <size>7644</size>
    <md5>42afc76929fac72f9215970fc8d8a8f9</md5>
    <crc32>1cb1211a</crc32>
    <sha1>5aa479949b2b5bf609e16d603089c2340d84fe46</sha1>
  </file>
  <file name="1945 January Popular Science.jpg" source="original">
    <mtime>1483198632</mtime>
    <size>204582</size>
    <md5>5eef99e7f3d8bdae5da92294ba2a27cf</md5>
    <crc32>df8c16f1</crc32>
    <sha1>13d735533c52ff82d1e9dab3046185aadc42e46a</sha1>
    <format>JPEG</format>
    <rotation>0</rotation>
  </file>
  <file name="1945 January Popular Science_thumb.jpg" source="derivative">
    <format>JPEG Thumb</format>
    <original>1945 January Popular Science.jpg</original>
    <mtime>1483198923</mtime>
    <size>7360</size>
    <md5>c66d8747c3555cf0b4f3197fb41d56de</md5>
    <crc32>012ed5c5</crc32>
    <sha1>8d444ed8abad21bb3c907b6655b83c596d32ed2b</sha1>
  </file>
  <file name="1945 July Popular Science.jpg" source="original">
    <mtime>1483198646</mtime>
    <size>232554</size>
    <md5>9f2240b47c9ee4c0d6a6465e6466b9f3</md5>
    <crc32>25e5ed4b</crc32>
    <sha1>60401c8bb3f1e49967697e98f7c2f18bda285d3f</sha1>
    <format>JPEG</format>
    <rotation>0</rotation>
  </file>
  <file name="1945 July Popular Science_thumb.jpg" source="derivative">
    <format>JPEG Thumb</format>
    <original>1945 July Popular Science.jpg</original>
    <mtime>1483198926</mtime>
    <size>7842</size>
    <md5>6ab7fa64436e17bfc51fd0c4ff48ee9a</md5>
    <crc32>54a3570e</crc32>
    <sha1>bbb42b430d4d6d2235495e7e01973501ca0f9512</sha1>
  </file>
  <file name="1945 May.jpg" source="original">
    <mtime>1483198664</mtime>
    <size>174937</size>
    <md5>616ed2de1bbaecdd50d76b090de662f8</md5>
    <crc32>f9a11096</crc32>
    <sha1>1464e5af638b6474610dc9028a7e476de0f2a620</sha1>
    <format>JPEG</format>
    <rotation>0</rotation>
  </file>
  <file name="1945 May_thumb.jpg" source="derivative">
    <format>JPEG Thumb</format>
    <original>1945 May.jpg</original>
    <mtime>1483198927</mtime>
    <size>6063</size>
    <md5>a7b5917e2cdac8c19801d81555248866</md5>
    <crc32>fd5fdd4e</crc32>
    <sha1>7365bf8437c4865e136e87a7f12e9a2dce319d65</sha1>
  </file>
  <file name="1945 September Popular Science.jpg" source="original">
    <mtime>1483198667</mtime>
    <size>214956</size>
    <md5>4f30f0004f3cdef2ee3d2f1442e4fea7</md5>
    <crc32>e8d935c5</crc32>
    <sha1>711acd9f2f7b153718e8c58eab75f64e8d487445</sha1>
    <format>JPEG</format>
    <rotation>0</rotation>
  </file>
  <file name="1945 September Popular Science_thumb.jpg" source="derivative">
    <format>JPEG Thumb</format>
    <original>1945 September Popular Science.jpg</original>
    <mtime>1483198929</mtime>
    <size>6842</size>
    <md5>397a8e0a563d6312fed8828eeb505b4e</md5>
    <crc32>14a4a16c</crc32>
    <sha1>28f8958ee24a4889df32ee66cd0ccc45c7030c71</sha1>
  </file>
  <file name="1946 January Mechanix Illustrated.jpg" source="original">
    <mtime>1483198671</mtime>
    <size>196282</size>
    <md5>19ec0965c1e3cb788d1b227211849282</md5>
    <crc32>e4a81bae</crc32>
    <sha1>ed3c6db8ae05d291d0878ad37be51256eaeaefc7</sha1>
    <format>JPEG</format>
    <rotation>0</rotation>
  </file>
  <file name="1946 January Mechanix Illustrated_thumb.jpg" source="derivative">
    <format>JPEG Thumb</format>
    <original>1946 January Mechanix Illustrated.jpg</original>
    <mtime>1483198940</mtime>
    <size>6683</size>
    <md5>b9af84ef4a87114040f09e9704f826bb</md5>
    <crc32>b3a653fc</crc32>
    <sha1>f701a9f8d29be9aad525c2d7b581e1856555fe56</sha1>
  </file>
  <file name="19939 January Popular Mechanics.jpg" source="original">
    <mtime>1483198675</mtime>
    <size>242983</size>
    <md5>0382c39f27740fd6d8706eb7f32ebf91</md5>
    <crc32>adcc0faf</crc32>
    <sha1>c3b6a5f7d054c568a7124c3e6829d9c91b94d8c4</sha1>
    <format>JPEG</format>
    <rotation>0</rotation>
  </file>
  <file name="19939 January Popular Mechanics_thumb.jpg" source="derivative">
    <format>JPEG Thumb</format>
    <original>19939 January Popular Mechanics.jpg</original>
    <mtime>1483198941</mtime>
    <size>7111</size>
    <md5>3257321a477f8fa5bd3c34243075aa3d</md5>
    <crc32>924ef8ce</crc32>
    <sha1>0a856f1ea9109df3fa9b542a04110473af679c4a</sha1>
  </file>
  <file name="__ia_thumb.jpg" source="original">
    <mtime>1530914613</mtime>
    <size>23761</size>
    <md5>ab36c5cdf32343d93ad42e5b27ff1a87</md5>
    <crc32>d4553470</crc32>
    <sha1>fb13f20b46452af790b59e27a442bdca1cabcb80</sha1>
    <format>Item Tile</format>
    <rotation>0</rotation>
  </file>
</files>
