<?xml version="1.0" encoding="UTF-8"?>
<metadata>
  <identifier>0011919FebruaryPopularScience</identifier>
  <mediatype>image</mediatype>
  <collection>magazine_covers</collection>
  <creator>Herbert Booker</creator>
  <date>2016-12-31</date>
  <description>Popular Science Monthly magazine was founded in 1872. Front covers are shown for P.S.M. as well as for Popular Mechanics Monthly, Scientific American and Mechanix Illustrated too. Wartime issues such as 1914 to 1918 as well as 1939 to 1945 issues came out with patriotic themes showing the Air Corps, the Army, the Coast Guard, the Marines and the Navy.</description>
  <language>eng</language>
  <scanner>Internet Archive HTML5 Uploader 1.6.3</scanner>
  <subject>Mechanix Illustrated</subject>
  <subject>Popular Science Monthly</subject>
  <subject>Scientific American</subject>
  <subject>Popular Mechanic Month;\ly</subject>
  <subject>Scientific American</subject>
  <subject>Saturday Evening Post</subject>
  <subject>Magazine Covers</subject>
  <subject>Pulp Fiction</subject>
  <subject>Lurid Artwork</subject>
  <subject>Herbert Booker</subject>
  <subject>Happy New Year 2017</subject>
  <subject>Goodbye Old Year 2016!</subject>
  <title>Popular Science Monthly &amp; Other Magazine Front Covers</title>
  <publicdate>2016-12-31 15:30:07</publicdate>
  <uploader>hhbooker2@yahoo.com</uploader>
  <addeddate>2016-12-31 15:30:07</addeddate>
  <curation>[curator]validator@archive.org[/curator][date]20161231153423[/date][comment]checked for malware[/comment]</curation>
  <collection>magazine_rack</collection>
  <collection>additional_collections</collection>
</metadata>
